<?xml version="1.0"?>
<ruleset name="WordPress Theme Coding Standards">
	<description>Use "WordPress" as the sniffer context, but add exclusions.</description>

	<rule ref="WordPress">
		<exclude name="Generic.WhiteSpace.ScopeIndent.IncorrectExact" />
		<exclude name="Generic.WhiteSpace.ScopeIndent.Incorrect" />
		<exclude name="Squiz.Commenting.FileComment" />
		<exclude name="Squiz.Commenting.LongConditionClosingComment" />
		<exclude name="PEAR.Functions.FunctionCallSignature.Indent" />
		<exclude name="WordPress.Files.FileName" />
		<exclude name="Generic.Files.LowercasedFilename" />
		<exclude name="Generic.Classes.DuplicateClassName" />
		<exclude name="WordPress.Variables.GlobalVariables" />
		<exclude name="WordPress.VIP.SuperGlobalInputUsage" />
		<exclude name="WordPress.VIP.RestrictedFunctions" />
		<exclude name="WordPress.VIP.SlowDBQuery" />
		<exclude name="WordPress.VIP.SessionVariableUsage" />
		<exclude name="WordPress.VIP.SessionFunctionsUsage" />
		<exclude name="WordPress.CSRF.NonceVerification" />
		<exclude name="Squiz.PHP.NonExecutableCode" />
		<exclude name="WordPress.NamingConventions.ValidHookName" />
	</rule>
</ruleset>
