{
  "conference": {
    "menus": {
      "topsmall": [
        {
          "label": "ACM",
          "link": "https://www.acm.org",
          "sub-menu": []
        },
        {
          "label": "ACM SIGNN",
          "link": "",
          "sub-menu": []
        }
      ],
      "primary": [
        {
          "label": "About Us",
          "link": "",
          "sub-menu": []
        },
        {
          "label": "For Attendees",
          "link": "",
          "sub-menu": []
        },
        {
          "label": "For Submitters",
          "link": "",
          "sub-menu": []
        },
        {
          "label": "For Exhibitors",
          "link": "",
          "sub-menu": []
        },
        {
          "label": "For Sponsors",
          "link": "",
          "sub-menu": []
        },
        {
          "label": "For Sponsors",
          "link": "",
          "sub-menu": []
        },
        {
          "label": "Register",
          "link": "",
          "sub-menu": []
        }
      ],
      "secondary": [
        {
          "label": "Submissions",
          "link": "",
          "sub-menu": []
        },
        {
          "label": "Volunteer",
          "link": "",
          "sub-menu": []
        },
        {
          "label": "Register",
          "link": "",
          "sub-menu": []
        }
      ]
    }
  },
  "sig": {
    "menus": {
      "topsmall": [
        {
          "label": "ACM",
          "link": "https://www.acm.org",
          "sub-menu": []
        },
        {
          "label": "ACM DL",
          "link": "https://dl.acm.org",
          "sub-menu": []
        }
      ],
      "primary": [
        {
          "label": "About Us",
          "link": "",
          "sub-menu": [
            {
              "label": "Leadership",
              "link": ""
            },
            {
              "label": "Awards",
              "link": ""
            },
            {
              "label": "Policies",
              "link": ""
            },
            {
              "label": "Contact",
              "link": ""
            }
          ]
        },
        {
          "label": "Get Involved",
          "link": "",
          "sub-menu": [
            {
              "label": "Membership",
              "link": ""
            },
            {
              "label": "Volunteer",
              "link": ""
            },
            {
              "label": "Join a Local Chapter",
              "link": ""
            },
            {
              "label": "Community",
              "link": ""
            },
            {
              "label": "Awards",
              "link": ""
            },
            {
              "label": "Elections",
              "link": ""
            }
          ]
        },
        {
          "label": "People",
          "link": "",
          "sub-menu": [
            {
              "label": "Award Recipients",
              "link": ""
            },
            {
              "label": "Volunteer Spotlight",
              "link": ""
            },
            {
              "label": "Committees",
              "link": ""
            }
          ]
        },
        {
          "label": "Conferences",
          "link": "",
          "sub-menu": [
            {
              "label": "Calendar of Upcoming Conferences",
              "link": ""
            },
            {
              "label": "Calendar of Submission Deadlines",
              "link": ""
            },
            {
              "label": "Calls for Participation",
              "link": ""
            },
            {
              "label": "Student Travel Grants",
              "link": ""
            },
            {
              "label": "Organizer Resources",
              "link": ""
            },
            {
              "label": "Inclusivity Policies",
              "link": ""
            }
          ]
        },
        {
          "label": "Publications",
          "link": "",
          "sub-menu": [
            {
              "label": "Open Access Conference Proceedings",
              "link": ""
            },
            {
              "label": "ACM DL SIG page",
              "link": ""
            },
            {
              "label": "Newsletter",
              "link": ""
            },
            {
              "label": "Sponsored Journal",
              "link": ""
            }
          ]
        },
        {
          "label": "Resources",
          "link": "",
          "sub-menu": []
        }
      ],
      "secondary": [
        {
          "label": "Volunteer",
          "link": "",
          "sub-menu": []
        },
        {
          "label": "Chapters",
          "link": "",
          "sub-menu": []
        },
        {
          "label": "Join",
          "link": "",
          "sub-menu": []
        }
      ]
    }
  },
  "chapter": {
    "menus": {
      "topsmall": [
        {
          "label": "ACM",
          "link": "https://www.acm.org",
          "sub-menu": []
        },
        {
          "label": "SIG",
          "link": "http://www.acm.org/special-interest-groups",
          "sub-menu": []
        }
      ],
      "primary": [
        {
          "label": "About Us",
          "link": "",
          "sub-menu": [
            {
              "label": "Purpose",
              "link": ""
            },
            {
              "label": "Officers",
              "link": ""
            }
          ]
        },
        {
          "label": "Events",
          "link": "",
          "sub-menu": [
            {
              "label": "Upcoming",
              "link": ""
            },
            {
              "label": "Past",
              "link": ""
            },
            {
              "label": "Other organizations",
              "link": ""
            }
          ]
        },
        {
          "label": "Resources",
          "link": "",
          "sub-menu": []
        },
        {
          "label": "Contact",
          "link": "",
          "sub-menu": []
        },
        {
          "label": "News",
          "link": "",
          "sub-menu": []
        }
      ],
      "secondary": [
        {
          "label": "Volunteer",
          "link": "",
          "sub-menu": []
        },
        {
          "label": "Join",
          "link": "",
          "sub-menu": []
        }
      ]
    }
  }
}
